{"name":"1a952f60-ce1d-4ec2-a126-d2dbabd9e911","id":"/providers/Microsoft.Flow/flows/1a952f60-ce1d-4ec2-a126-d2dbabd9e911","type":"Microsoft.Flow/flows","properties":{"apiId":"/providers/Microsoft.PowerApps/apis/shared_logicflows","displayName":"Copy of - Bookings to Daily Email","definition":{"metadata":{"workflowEntityId":null,"processAdvisorMetadata":null,"flowclientsuspensionreason":"None","flowclientsuspensiontime":null,"creator":{"id":"ce6e65c0-5988-4cc1-b5af-362e38bb6347","type":"User","tenantId":"962441d5-5055-4349-bad3-baec43c3d741"},"provisioningMethod":"FromDefinition","failureAlertSubscription":true,"clientLastModifiedTime":"2022-03-21T16:55:06.5125554Z"},"$schema":"https://schema.management.azure.com/providers/Microsoft.Logic/schemas/2016-06-01/workflowdefinition.json#","contentVersion":"1.0.0.0","parameters":{"$connections":{"defaultValue":{},"type":"Object"},"$authentication":{"defaultValue":{},"type":"SecureObject"}},"triggers":{"Recurrence":{"recurrence":{"frequency":"Day","interval":1,"timeZone":"Eastern Standard Time","startTime":"2022-02-25T13:00:00.000Z"},"metadata":{"operationMetadataId":"1d454eed-3a64-48b1-8c4d-be4011ec7896"},"type":"Recurrence"}},"actions":{"Get_Bookings":{"runAfter":{},"metadata":{"operationMetadataId":"e9aea8b7-f3cf-4c97-b000-a90e5f608c52"},"type":"OpenApiConnection","inputs":{"host":{"apiId":"/providers/Microsoft.PowerApps/apis/shared_office365","connectionName":"shared_office365","operationId":"V4CalendarGetItems"},"parameters":{"table":"AAMkADM1ZGUzMzdhLWY2YjQtNGE5OC05NDM1LTA2MTMzNzZmYTBiZABGAAAAAACgbqrNXycPQq_QVCV8gEW7BwBzCj89Nq6BTKtiuCAwFluWAAAAAAEGAABzCj89Nq6BTKtiuCAwFluWAAAAABjvAAA=","$filter":"showAs ne 'oof' and start/dateTime ge '@{formatDateTime(utcNow(),'yyyy-MM-dd')}T00:00:00.0000000' and start/dateTime le '@{formatDateTime(utcNow(),'yyyy-MM-dd')}T23:59:00.0000000'","$orderby":"start/dateTime","$top":100},"authentication":"@parameters('$authentication')"}},"Initialize_variable_-_Service_SKU":{"runAfter":{"Get_Bookings":["Succeeded"]},"metadata":{"operationMetadataId":"56d15cbd-ffdd-440b-8c9f-477dcd0da7a2"},"type":"InitializeVariable","inputs":{"variables":[{"name":"Service SKU","type":"string"}]}},"Initialize_variable_-_Customer_Name":{"runAfter":{"Initialize_variable_-_Service_SKU":["Succeeded"]},"metadata":{"operationMetadataId":"4b748895-1009-4c24-9277-e87008ae74d6"},"type":"InitializeVariable","inputs":{"variables":[{"name":"Customer Name","type":"string"}]}},"Initialize_variable_-_Principle_Investigator":{"runAfter":{"Initialize_variable_-_Customer_Name":["Succeeded"]},"metadata":{"operationMetadataId":"9b6cf39a-67f1-4188-b978-33a8d060dd5c"},"type":"InitializeVariable","inputs":{"variables":[{"name":"Principle Investigator","type":"string"}]}},"Initialize_variable_-_HTML_Table":{"runAfter":{"Initialize_variable_-_Principle_Investigator":["Succeeded"]},"metadata":{"operationMetadataId":"9c9b2adb-0e18-446f-89fb-21da73c452d5"},"type":"InitializeVariable","inputs":{"variables":[{"name":"HTML Table","type":"array"}]}},"Apply_to_each":{"foreach":"@outputs('Get_Bookings')?['body/value']","actions":{"Html_to_text":{"runAfter":{},"metadata":{"operationMetadataId":"dc5a7301-413e-47e7-8ddc-4a54c3b15207"},"type":"OpenApiConnection","inputs":{"host":{"apiId":"/providers/Microsoft.PowerApps/apis/shared_conversionservice","connectionName":"shared_conversionservice","operationId":"HtmlToText"},"parameters":{"Content":"<p>@{items('Apply_to_each')?['body']}</p>"},"authentication":"@parameters('$authentication')"}},"Set_variable_-_Customer_Name":{"runAfter":{"Html_to_text":["Succeeded"]},"metadata":{"operationMetadataId":"db8cc77c-fa9c-4ac9-93ac-53244702bcf9"},"type":"SetVariable","inputs":{"name":"Customer Name","value":"@{trim(last(split(first(split(outputs('Html_to_text')?['body'],'Email')),'Name: ')))}"}},"Set_variable_-_Principle_Investigator":{"runAfter":{"Set_variable_-_Customer_Name":["Succeeded"]},"metadata":{"operationMetadataId":"1c42f5cf-3e0f-455f-a001-dca98c9f1db5"},"type":"SetVariable","inputs":{"name":"Principle Investigator","value":"@{trim(last(split(first(split(outputs('Html_to_text')?['body'], 'Question 2- ')), 'Answer- ')))}"}},"Apply_to_each_2_-_Set_variable_Service_SKU":{"foreach":"@items('Apply_to_each')?['categories']","actions":{"Set_variable_-_Service_SKU":{"runAfter":{},"metadata":{"operationMetadataId":"d18ae158-791e-4fd1-8386-2199ffa1449f"},"type":"SetVariable","inputs":{"name":"Service SKU","value":"@items('Apply_to_each_2_-_Set_variable_Service_SKU')"}}},"runAfter":{"Set_variable_-_Principle_Investigator":["Succeeded"]},"metadata":{"operationMetadataId":"bdc55f8d-4d93-4a0f-a155-db8c85c6a538"},"type":"Foreach"},"Append_to_array_variable_-_Add_to_HTML_Table":{"runAfter":{"Apply_to_each_2_-_Set_variable_Service_SKU":["Succeeded"]},"metadata":{"operationMetadataId":"359090c2-acd1-4810-98c8-784340595aae"},"type":"AppendToArrayVariable","inputs":{"name":"HTML Table","value":{"Service SKU":"@variables('Service SKU')","Customer Name":"@variables('Customer Name')","Principle Investigator":"@variables('Principle Investigator')","Service":"@items('Apply_to_each')?['subject']","Start Time":"@convertTimeZone(items('Apply_to_each')?['startWithTimeZone'],'UTC','Eastern Standard Time', 'dd/MM hh:mm tt')"}}}},"runAfter":{"Initialize_variable_-_HTML_Table":["Succeeded"]},"metadata":{"operationMetadataId":"3d153bdd-8fc7-4fdc-a00d-cd7404720781"},"type":"Foreach"},"Create_HTML_table":{"runAfter":{"Apply_to_each":["Succeeded"]},"metadata":{"operationMetadataId":"3f2cfe80-8cb2-4d21-9977-9f65b01f2ba1"},"type":"Table","inputs":{"from":"@variables('HTML Table')","format":"HTML"}},"Compose":{"runAfter":{"Create_HTML_table":["Succeeded"]},"metadata":{"operationMetadataId":"1968a6f8-992f-4be8-9313-c51e2d4f916e"},"type":"Compose","inputs":"<style>\ntable {\n  border: 1px solid #1C6EA4;\n  background-color: #EEEEEE;\n  width: 100%;\n  text-align: left;\n  border-collapse: collapse;\n}\ntable td, table th {\n  border: 1px solid #AAAAAA;\n  padding: 3px 2px;\n}\ntable tbody td {\n  font-size: 13px;\n}\ntable thead {\n  background: #1C6EA4;\n  border-bottom: 2px solid #444444;\n}\ntable thead th {\n  font-size: 15px;\n  font-weight: bold;\n  color: #FFFFFF;\n  border-left: 2px solid #D0E4F5;\n}\ntable thead th:first-child {\n  border-left: none;\n}\n</style>\n@{body('Create_HTML_table')}"},"Send_an_email_(V2)":{"runAfter":{"Compose":["Succeeded"]},"metadata":{"operationMetadataId":"22b0892c-b81f-425e-ace2-c95e49f4caad"},"type":"OpenApiConnection","inputs":{"host":{"apiId":"/providers/Microsoft.PowerApps/apis/shared_office365","connectionName":"shared_office365","operationId":"SendEmailV2"},"parameters":{"emailMessage/To":"test@test.com","emailMessage/Subject":"Today's Bookings","emailMessage/Body":"<p>Here are today's Bookings appointments*:<br>\n@{outputs('Compose')}<br>\n<br>\n* These appointments are current as of 8:00 EST. Bookings created for same day appointments may not appear.</p>"},"authentication":"@parameters('$authentication')"}}}},"connectionReferences":{"shared_office365":{"connectionName":"shared-office365-69d4bd1f-604e-4b04-8315-2310-e6a8341b","source":"Embedded","id":"/providers/Microsoft.PowerApps/apis/shared_office365","tier":"NotSpecified"},"shared_conversionservice":{"connectionName":"shared-conversionser-8ccbce24-a520-4085-ae44-0929-fb13746d","source":"Embedded","id":"/providers/Microsoft.PowerApps/apis/shared_conversionservice","tier":"NotSpecified"}},"flowFailureAlertSubscribed":false}}