{"name":"eda49319-3735-4b01-8384-8c3b7ef813cd","id":"/providers/Microsoft.Flow/flows/eda49319-3735-4b01-8384-8c3b7ef813cd","type":"Microsoft.Flow/flows","properties":{"apiId":"/providers/Microsoft.PowerApps/apis/shared_logicflows","displayName":"Copy of - Split and Create PDFs","definition":{"metadata":{"workflowEntityId":null,"processAdvisorMetadata":null,"flowclientsuspensionreason":"None","flowclientsuspensiontime":null,"creator":{"id":"ce6e65c0-5988-4cc1-b5af-362e38bb6347","type":"User","tenantId":"962441d5-5055-4349-bad3-baec43c3d741"},"provisioningMethod":"FromDefinition","failureAlertSubscription":true,"clientLastModifiedTime":"2022-03-21T16:50:40.4270644Z"},"$schema":"https://schema.management.azure.com/providers/Microsoft.Logic/schemas/2016-06-01/workflowdefinition.json#","contentVersion":"1.0.0.0","parameters":{"$connections":{"defaultValue":{},"type":"Object"},"$authentication":{"defaultValue":{},"type":"SecureObject"}},"triggers":{"When_a_file_is_created":{"recurrence":{"frequency":"Minute","interval":5},"metadata":{"b!2UnYHIyVwk2gdBbopsptgxTVNJ61H-VCjwI9eiXj9du4Grjv-UpxTay1ojcMFwxD.01IXHB5K5LJPYQZ5WMTBCZCMIRK4FOJFKS":"/Invoicing/Current Invoices","operationMetadataId":"2af2ce9d-cea4-4fc1-9cdf-4ca5c6d72241"},"type":"OpenApiConnection","inputs":{"host":{"apiId":"/providers/Microsoft.PowerApps/apis/shared_onedriveforbusiness","connectionName":"shared_onedriveforbusiness_1","operationId":"OnNewFileV2"},"parameters":{"folderId":"b!2UnYHIyVwk2gdBbopsptgxTVNJ61H-VCjwI9eiXj9du4Grjv-UpxTay1ojcMFwxD.01IXHB5K5LJPYQZ5WMTBCZCMIRK4FOJFKS","includeSubfolders":false,"inferContentType":true},"authentication":"@parameters('$authentication')"}}},"actions":{"Run_script_-_GetWorksheets_via_Script":{"runAfter":{},"metadata":{"operationMetadataId":"a176a94a-4a79-4767-ad69-2946f024c123","tableId":null},"type":"OpenApiConnection","inputs":{"host":{"apiId":"/providers/Microsoft.PowerApps/apis/shared_excelonlinebusiness","connectionName":"shared_excelonlinebusiness","operationId":"RunScriptProd"},"parameters":{"source":"me","drive":"b!2UnYHIyVwk2gdBbopsptgxTVNJ61H-VCjwI9eiXj9du4Grjv-UpxTay1ojcMFwxD","file":"@triggerOutputs()?['headers/x-ms-file-id']","scriptId":"ms-officescript%3A%2F%2Fonedrive_business_itemlink%2F01IXHB5K262RE7VYYX55ALQJ5ARREMLR4L","ScriptParameters":{}},"authentication":"@parameters('$authentication')"}},"Get_file_content":{"runAfter":{"Run_script_-_GetWorksheets_via_Script":["Succeeded"]},"metadata":{"operationMetadataId":"d40ee6ff-76c3-4064-a083-bfe722f2a707"},"type":"OpenApiConnection","inputs":{"host":{"apiId":"/providers/Microsoft.PowerApps/apis/shared_onedriveforbusiness","connectionName":"shared_onedriveforbusiness_1","operationId":"GetFileContent"},"parameters":{"id":"@triggerOutputs()?['headers/x-ms-file-id']","inferContentType":true},"authentication":"@parameters('$authentication')"}},"Apply_to_each":{"foreach":"@outputs('Run_script_-_GetWorksheets_via_Script')?['body/result']","actions":{"Filter_array":{"runAfter":{},"metadata":{"operationMetadataId":"c9886dcb-1c7e-410c-9578-ed48c9861589"},"type":"Query","inputs":{"from":"@outputs('Run_script_-_GetWorksheets_via_Script')?['body/result']","where":"@not(equals(item(), items('Apply_to_each')))"}},"Create_file":{"runAfter":{"Filter_array":["Succeeded"]},"metadata":{"operationMetadataId":"a044c6c4-70ca-4efc-bd3a-0f0d8ad1b88e"},"type":"OpenApiConnection","inputs":{"host":{"apiId":"/providers/Microsoft.PowerApps/apis/shared_onedriveforbusiness","connectionName":"shared_onedriveforbusiness_1","operationId":"CreateFile"},"parameters":{"folderPath":"/Invoicing/Current Invoices/PDFs","name":"@{items('Apply_to_each')}-@{triggerOutputs()?['headers/x-ms-file-name-encoded']}","body":"@body('Get_file_content')"},"authentication":"@parameters('$authentication')"},"runtimeConfiguration":{"contentTransfer":{"transferMode":"Chunked"}}},"Convert_file":{"runAfter":{"Apply_to_each_2":["Succeeded"]},"metadata":{"operationMetadataId":"3a023f7f-9d39-498c-ab50-09d04a67d8b7"},"type":"OpenApiConnection","inputs":{"host":{"apiId":"/providers/Microsoft.PowerApps/apis/shared_onedriveforbusiness","connectionName":"shared_onedriveforbusiness_1","operationId":"ConvertFile"},"parameters":{"id":"@outputs('Create_file')?['body/Id']","type":"PDF"},"authentication":"@parameters('$authentication')"}},"Create_file_2":{"runAfter":{"Convert_file":["Succeeded"]},"metadata":{"operationMetadataId":"e9d4ced4-2147-427a-8847-1978487add42"},"type":"OpenApiConnection","inputs":{"host":{"apiId":"/providers/Microsoft.PowerApps/apis/shared_onedriveforbusiness","connectionName":"shared_onedriveforbusiness_1","operationId":"CreateFile"},"parameters":{"folderPath":"/Invoicing/Current Invoices/PDFs","name":"@outputs('Convert_file')?['headers/x-ms-file-name']","body":"@body('Convert_file')"},"authentication":"@parameters('$authentication')"},"runtimeConfiguration":{"contentTransfer":{"transferMode":"Chunked"}}},"Apply_to_each_2":{"foreach":"@body('Filter_array')","actions":{"Run_script_-_DeleteSheets_via_Script":{"runAfter":{},"metadata":{"operationMetadataId":"29a568d8-8fc1-4b26-a34e-3d395c9b2896","tableId":null},"type":"OpenApiConnection","inputs":{"host":{"apiId":"/providers/Microsoft.PowerApps/apis/shared_excelonlinebusiness","connectionName":"shared_excelonlinebusiness","operationId":"RunScriptProd"},"parameters":{"source":"me","drive":"b!2UnYHIyVwk2gdBbopsptgxTVNJ61H-VCjwI9eiXj9du4Grjv-UpxTay1ojcMFwxD","file":"@outputs('Create_file')?['body/Id']","scriptId":"ms-officescript%3A%2F%2Fonedrive_business_itemlink%2F01IXHB5K7EXQZYOAW24RFLV642V2GDAQAD","ScriptParameters/SheetsToDelete":["@items('Apply_to_each_2')"]},"authentication":"@parameters('$authentication')"}}},"runAfter":{"Create_file":["Succeeded"]},"metadata":{"operationMetadataId":"1cb1c534-34a4-464f-87d4-9bea37730345"},"type":"Foreach"}},"runAfter":{"Get_file_content":["Succeeded"]},"metadata":{"operationMetadataId":"9d043140-02aa-4244-8916-dd6607acbbd7"},"type":"Foreach"}}},"connectionReferences":{"shared_excelonlinebusiness":{"connectionName":"shared-excelonlinebu-04e3fb2b-e2a2-41ed-a3bc-acee44554a02","source":"Embedded","id":"/providers/Microsoft.PowerApps/apis/shared_excelonlinebusiness","tier":"NotSpecified"},"shared_onedriveforbusiness_1":{"connectionName":"shared-onedriveforbu-8b1b10ac-15b5-441e-b90a-b069fb9b6805","source":"Embedded","id":"/providers/Microsoft.PowerApps/apis/shared_onedriveforbusiness","tier":"NotSpecified"}},"flowFailureAlertSubscribed":false}}